{
  "sounds.xp_shutdown": {
    "subtitle": "Windows XP Shutdown",
    "sounds": [
      {
        "name": "sounds/xp_shutdown",
        "volume": 1,
        "pitch": 1,
        "weight": 5,
        "streaming": false
      }
    ]
  },
  "sounds.masp_scream": {
    "subtitle": "MaSp005 (at least) trying to scream",
    "sounds": [
      {
        "name": "sounds/masp_scream",
        "volume": 1,
        "pitch": 1,
        "weight": 5,
        "streaming": false
      }
    ]
  }
}
